wafer_entity_start_date,ENT,Layer,Revison,Coater,zone,chart_value,
16/11/2021 21:40,TB207,6300,Rev A,3,2,5.333333333,
16/11/2021 21:40,TB207,6300,Rev A,3,-2,1395.373333,
16/11/2021 21:40,TB207,6300,Rev A,4,2,5.473333333,
16/11/2021 21:40,TB207,6300,Rev A,4,-1,1395.933333,
19/11/2021 08:06,TB207,4500,Rev C,4,2,5.74,
19/11/2021 08:06,TB207,4500,Rev C,4,-1,998.9133333,
19/11/2021 08:06,TB207,4500,Rev C,3,1,4.646666667,
19/11/2021 08:06,TB207,4500,Rev C,3,-1,998.8733333,
21/11/2021 21:14,TB207,4500,Rev A,3,999,4.22,
21/11/2021 21:14,TB207,4500,Rev A,3,3,1004.84,
21/11/2021 22:20,TB207,4500,Rev C,3,999,3.786666667,
21/11/2021 22:20,TB207,4500,Rev C,3,3,1005.3,
21/11/2021 22:23,TB207,4500,Rev C,4,999,4.2,
21/11/2021 22:23,TB207,4500,Rev C,4,4,1006.913333,
21/11/2021 22:24,TB207,4500,Rev A,3,999,3.64,
21/11/2021 22:24,TB207,4500,Rev A,3,2,1003.186667,
21/11/2021 22:32,TB207,4500,Rev A,4,1,5.106666667,
21/11/2021 22:32,TB207,4500,Rev A,4,2,1003.526667,
21/11/2021 23:14,TB207,4500,Rev C,3,999,4,
21/11/2021 23:14,TB207,4500,Rev C,3,3,1005.153333,
21/11/2021 23:15,TB207,4500,Rev C,4,999,3.88,
21/11/2021 23:15,TB207,4500,Rev C,4,2,1004.333333,
22/11/2021 00:10,TB207,4500,Rev A,3,999,4.04,
22/11/2021 00:10,TB207,4500,Rev A,3,2,1002.42,
24/11/2021 13:34,TB207,6300,Rev A,3,2,5.646666667,
24/11/2021 13:34,TB207,6300,Rev A,3,-1,1397.186667,
24/11/2021 13:35,TB207,6300,Rev A,4,1,4.96,
24/11/2021 13:35,TB207,6300,Rev A,4,-2,1394.273333,
24/11/2021 14:17,TB207,8400,Rev A,3,999,7.113333333,
24/11/2021 14:17,TB207,8400,Rev A,3,1,1867.4,
24/11/2021 14:17,TB207,8400,Rev A,4,999,6.34,
24/11/2021 14:17,TB207,8400,Rev A,4,2,1873.546667,
24/11/2021 14:25,TB207,4500,Rev A,3,999,4.113333333,
24/11/2021 14:25,TB207,4500,Rev A,3,-2,997.0666667,
24/11/2021 14:28,TB207,4500,Rev A,4,999,4.166666667,
24/11/2021 14:28,TB207,4500,Rev A,4,1,1001.566667,
24/11/2021 14:36,TB207,6300,Rev A,4,2,5.226666667,
24/11/2021 14:36,TB207,6300,Rev A,4,-2,1393.733333,
24/11/2021 17:08,TB207,4500,Rev A,3,999,3.993333333,
24/11/2021 17:08,TB207,4500,Rev A,3,1,1002.02,
24/11/2021 17:15,TB207,8400,Rev A,4,1,7.653333333,
24/11/2021 17:15,TB207,8400,Rev A,4,1,1870.346667,
24/11/2021 21:09,TB207,8400,Rev A,3,1,8.3,
24/11/2021 21:09,TB207,8400,Rev A,3,1,1872.94,
24/11/2021 21:10,TB207,8400,Rev A,4,999,7.226666667,
24/11/2021 21:10,TB207,8400,Rev A,4,1,1870.5,
24/11/2021 22:32,TB207,8400,Rev C,4,1,8.34,
24/11/2021 22:32,TB207,8400,Rev C,4,2,1877.473333,
24/11/2021 22:32,TB207,8400,Rev C,3,2,9.006666667,
24/11/2021 22:32,TB207,8400,Rev C,3,2,1875.04,
30/11/2021 10:08,TB207,4500,Rev A,3,999,4.18,
30/11/2021 10:08,TB207,4500,Rev A,3,4,1006.993333,
30/11/2021 10:09,TB207,4500,Rev C,3,1,4.526666667,
30/11/2021 10:09,TB207,4500,Rev C,3,3,1005.293333,
30/11/2021 10:10,TB207,4500,Rev A,4,999,3.02,
30/11/2021 10:10,TB207,4500,Rev A,4,3,1005.666667,
30/11/2021 10:19,TB207,4500,Rev C,4,999,4.193333333,
30/11/2021 10:19,TB207,4500,Rev C,4,3,1004.986667,
30/11/2021 11:46,TB207,4500,Rev C,3,999,4.106666667,
30/11/2021 11:46,TB207,4500,Rev C,3,4,1009.433333,
30/11/2021 11:58,TB207,4500,Rev C,4,999,3.673333333,
30/11/2021 11:58,TB207,4500,Rev C,4,4,1008.973333,
30/11/2021 11:59,TB207,4500,Rev A,3,999,4.073333333,
30/11/2021 11:59,TB207,4500,Rev A,3,2,1003.54,
30/11/2021 12:02,TB207,4500,Rev A,4,999,3.833333333,
30/11/2021 12:02,TB207,4500,Rev A,4,3,1005.04,
30/11/2021 15:07,TB207,4500,Rev A,3,1,4.546666667,
30/11/2021 15:07,TB207,4500,Rev A,3,2,1002.413333,
30/11/2021 15:07,TB207,4500,Rev C,3,1,5.08,
30/11/2021 15:07,TB207,4500,Rev C,3,3,1005.64,
30/11/2021 15:10,TB207,4500,Rev A,4,999,4.226666667,
30/11/2021 15:10,TB207,4500,Rev A,4,1,1001.02,
30/11/2021 15:18,TB207,4500,Rev C,4,999,3.933333333,
30/11/2021 15:18,TB207,4500,Rev C,4,2,1002.58,
30/11/2021 16:09,TB207,4500,Rev A,3,999,4.32,
30/11/2021 16:09,TB207,4500,Rev A,3,1,1001.5,
30/11/2021 16:09,TB207,4500,Rev C,3,1,4.86,
30/11/2021 16:09,TB207,4500,Rev C,3,1,1001.726667,
02/12/2021 09:31,TB207,6300,Rev A,4,2,5.566666667,
02/12/2021 09:31,TB207,6300,Rev A,4,-3,1390.986667,
02/12/2021 11:44,TB207,6300,Rev A,3,2,5.853333333,
02/12/2021 11:44,TB207,6300,Rev A,3,-2,1392.66,
02/12/2021 11:56,TB207,6300,Rev A,4,2,5.14,
02/12/2021 11:56,TB207,6300,Rev A,4,-4,1382.98,
02/12/2021 12:05,TB207,8400,Rev A,3,2,9.293333333,
02/12/2021 12:05,TB207,8400,Rev A,3,-1,1864.513333,
02/12/2021 12:41,TB207,6300,Rev A,4,3,5.96,
02/12/2021 12:41,TB207,6300,Rev A,4,-4,1383.753333,
02/12/2021 12:47,TB207,8400,Rev A,4,999,6.5,
02/12/2021 12:47,TB207,8400,Rev A,4,-2,1858.866667,
02/12/2021 14:40,TB207,6300,Rev A,4,3,6.08,
02/12/2021 14:40,TB207,6300,Rev A,4,-3,1391.026667,
02/12/2021 15:22,TB207,6300,Rev A,4,2,5.54,
02/12/2021 15:22,TB207,6300,Rev A,4,1,1401.673333,
02/12/2021 21:06,TB207,6300,Rev A,3,1,4.573333333,
02/12/2021 21:06,TB207,6300,Rev A,3,2,1406.093333,
02/12/2021 21:14,TB207,6300,Rev A,4,3,6.02,
02/12/2021 21:14,TB207,6300,Rev A,4,1,1402.453333,
02/12/2021 21:19,TB207,6300,Rev C,3,3,6.066666667,
02/12/2021 21:19,TB207,6300,Rev C,3,1,1401.233333,
02/12/2021 21:21,TB207,6300,Rev C,4,3,6.086666667,
02/12/2021 21:21,TB207,6300,Rev C,4,1,1402.98,
08/12/2021 07:16,TB207,4500,Rev C,4,1,4.433333333,
08/12/2021 07:16,TB207,4500,Rev C,4,-1,999.3,
08/12/2021 07:20,TB207,4500,Rev A,3,999,3.546666667,
08/12/2021 07:20,TB207,4500,Rev A,3,-3,995.4533333,
08/12/2021 07:27,TB207,4500,Rev C,3,999,4.026666667,
08/12/2021 07:27,TB207,4500,Rev C,3,-2,996.2,
08/12/2021 07:35,TB207,4500,Rev A,4,999,3.013333333,
08/12/2021 07:35,TB207,4500,Rev A,4,-1,999.2933333,
08/12/2021 08:49,TB207,4500,Rev A,3,999,4.273333333,
08/12/2021 08:49,TB207,4500,Rev A,3,-2,995.64,
09/12/2021 17:53,TB207,4500,Rev A,4,999,3.753333333,
09/12/2021 17:53,TB207,4500,Rev A,4,1,1001.346667,
09/12/2021 17:53,TB207,4500,Rev A,3,999,4.08,
09/12/2021 17:53,TB207,4500,Rev A,3,-2,996.1,
09/12/2021 18:29,TB207,6300,Rev A,3,1,4.813333333,
09/12/2021 18:29,TB207,6300,Rev A,3,-3,1389.713333,
09/12/2021 18:29,TB207,6300,Rev A,4,1,5.073333333,
09/12/2021 18:29,TB207,6300,Rev A,4,-3,1389.653333,
09/12/2021 18:37,TB207,8400,Rev A,3,1,8.053333333,
09/12/2021 18:37,TB207,8400,Rev A,3,-1,1860.253333,
09/12/2021 18:39,TB207,8400,Rev A,4,1,7.44,
09/12/2021 18:39,TB207,8400,Rev A,4,-2,1856.76,
09/12/2021 20:19,TB207,6300,Rev A,3,1,4.806666667,
09/12/2021 20:19,TB207,6300,Rev A,3,-3,1388.886667,
09/12/2021 20:22,TB207,6300,Rev A,4,999,4.306666667,
09/12/2021 20:22,TB207,6300,Rev A,4,-2,1391.68,
09/12/2021 22:03,TB207,6300,Rev A,3,2,5.2,
09/12/2021 22:03,TB207,6300,Rev A,3,-1,1396.62,
09/12/2021 22:04,TB207,6300,Rev C,3,999,3.993333333,
09/12/2021 22:04,TB207,6300,Rev C,3,1,1400.06,
10/12/2021 22:30,TB207,8400,Rev C,3,999,6.626666667,
10/12/2021 22:30,TB207,8400,Rev C,3,2,1877.113333,
10/12/2021 22:30,TB207,8400,Rev C,4,999,6.08,
10/12/2021 22:30,TB207,8400,Rev C,4,2,1877.306667,
16/12/2021 00:19,TB207,4500,Rev A,3,999,4.173333333,
16/12/2021 00:19,TB207,4500,Rev A,3,1,1001.833333,
16/12/2021 00:19,TB207,4500,Rev A,4,999,4.02,
16/12/2021 00:19,TB207,4500,Rev A,4,-1,998.44,
16/12/2021 00:23,TB207,4500,Rev C,3,999,3.993333333,
16/12/2021 00:23,TB207,4500,Rev C,3,1,1000.753333,
16/12/2021 00:31,TB207,4500,Rev C,4,999,4.206666667,
16/12/2021 00:31,TB207,4500,Rev C,4,1,1001.593333,
18/12/2021 21:07,TB207,6300,Rev A,3,4,6.773333333,
18/12/2021 21:07,TB207,6300,Rev A,3,1,1401.673333,
18/12/2021 21:07,TB207,6300,Rev A,4,1,4.926666667,
18/12/2021 21:07,TB207,6300,Rev A,4,-2,1395.306667,
18/12/2021 21:18,TB207,6300,Rev C,3,3,6.513333333,
18/12/2021 21:18,TB207,6300,Rev C,3,1,1404.033333,
18/12/2021 21:21,TB207,6300,Rev C,4,1,4.766666667,
18/12/2021 21:21,TB207,6300,Rev C,4,1,1400.626667,
18/12/2021 21:35,TB207,6300,Rev A,3,2,5.626666667,
18/12/2021 21:35,TB207,6300,Rev A,3,1,1404.22,
18/12/2021 21:45,TB207,6300,Rev A,3,4,7.173333333,
18/12/2021 21:45,TB207,6300,Rev A,3,1,1401.86,
18/12/2021 22:32,TB207,6300,Rev A,3,4,6.96,
18/12/2021 22:32,TB207,6300,Rev A,3,1,1402.606667,
18/12/2021 23:02,TB207,8400,Rev A,3,2,8.64,
18/12/2021 23:02,TB207,8400,Rev A,3,2,1876.02,
18/12/2021 23:11,TB207,6300,Rev A,3,3,6.073333333,
18/12/2021 23:11,TB207,6300,Rev A,3,1,1402.146667,
18/12/2021 23:19,TB207,6300,Rev C,3,3,6.473333333,
18/12/2021 23:19,TB207,6300,Rev C,3,2,1406.82,
18/12/2021 23:25,TB207,8400,Rev C,3,1,7.773333333,
18/12/2021 23:25,TB207,8400,Rev C,3,1,1873.053333,
20/12/2021 15:14,TB207,4500,Rev A,3,1,4.693333333,
20/12/2021 15:14,TB207,4500,Rev A,3,-2,995.6333333,
20/12/2021 15:14,TB207,4500,Rev C,3,2,5.7,
20/12/2021 15:14,TB207,4500,Rev C,3,-2,996.02,
20/12/2021 15:20,TB207,4500,Rev A,4,999,2.34,
20/12/2021 15:20,TB207,4500,Rev A,4,-2,997.3533333,
20/12/2021 15:27,TB207,4500,Rev C,4,999,3.733333333,
20/12/2021 15:27,TB207,4500,Rev C,4,-1,998.0933333,
24/12/2021 02:28,TB207,4500,Rev A,4,1,4.54,
24/12/2021 02:28,TB207,4500,Rev A,4,1,1001.34,
24/12/2021 02:28,TB207,4500,Rev C,4,1,4.566666667,
24/12/2021 02:28,TB207,4500,Rev C,4,1,1000.073333,
24/12/2021 02:31,TB207,4500,Rev C,3,999,3.76,
24/12/2021 02:31,TB207,4500,Rev C,3,-1,999.3333333,
24/12/2021 03:38,TB207,4500,Rev A,3,999,3.793333333,
24/12/2021 03:38,TB207,4500,Rev A,3,1,1000.973333,
24/12/2021 06:08,TB207,4500,Rev C,3,1,4.746666667,
24/12/2021 06:08,TB207,4500,Rev C,3,-1,999.38,
24/12/2021 06:09,TB207,4500,Rev C,4,999,3.5,
24/12/2021 06:09,TB207,4500,Rev C,4,1,1001.346667,
17/11/2021 02:16,TB207,13800,Rev C,3,999,13.21333333,
17/11/2021 02:16,TB207,13800,Rev C,3,-1,3059.693333,
19/11/2021 08:07,TB207,13800,Rev C,4,1,16.08666667,
19/11/2021 08:07,TB207,13800,Rev C,4,1,3067.246667,
19/11/2021 08:07,TB207,13800,Rev C,3,999,13.5,
19/11/2021 08:07,TB207,13800,Rev C,3,-1,3060.673333,
20/11/2021 09:25,TB207,13800,Rev A,3,999,12.82,
20/11/2021 09:25,TB207,13800,Rev A,3,-3,3048.006667,
20/11/2021 09:25,TB207,13800,Rev A,4,999,13.84666667,
20/11/2021 09:25,TB207,13800,Rev A,4,-1,3065.133333,
20/11/2021 10:17,TB207,13800,Rev C,3,999,13.50666667,
20/11/2021 10:17,TB207,13800,Rev C,3,-1,3058.22,
20/11/2021 10:17,TB207,13800,Rev C,4,999,14.77333333,
20/11/2021 10:17,TB207,13800,Rev C,4,1,3074.286667,
20/11/2021 10:28,TB207,13800,Rev A,3,999,14.7,
20/11/2021 10:28,TB207,13800,Rev A,3,-2,3052.793333,
21/11/2021 09:22,TB207,8400,Rev A,3,999,5.353333333,
21/11/2021 09:22,TB207,8400,Rev A,3,2,1875.94,
21/11/2021 09:22,TB207,8400,Rev A,4,999,5.966666667,
21/11/2021 09:22,TB207,8400,Rev A,4,1,1869.333333,
28/11/2021 10:02,TB207,13800,Rev C,3,999,13.79333333,
28/11/2021 10:02,TB207,13800,Rev C,3,-1,3060.04,
28/11/2021 10:03,TB207,13800,Rev C,4,999,13.96,
28/11/2021 10:03,TB207,13800,Rev C,4,1,3073.346667,
30/11/2021 01:27,TB207,6300,Rev A,3,999,3.933333333,
30/11/2021 01:27,TB207,6300,Rev A,3,3,1409.646667,
30/11/2021 01:28,TB207,6300,Rev A,4,1,4.46,
30/11/2021 01:28,TB207,6300,Rev A,4,2,1407.426667,
30/11/2021 01:35,TB207,8400,Rev A,4,1,7.64,
30/11/2021 01:35,TB207,8400,Rev A,4,2,1879.98,
30/11/2021 02:22,TB207,6300,Rev A,3,1,4.493333333,
30/11/2021 02:22,TB207,6300,Rev A,3,2,1404.9,
30/11/2021 02:47,TB207,6300,Rev C,3,999,4.113333333,
30/11/2021 02:47,TB207,6300,Rev C,3,3,1410.413333,
30/11/2021 02:53,TB207,8400,Rev C,3,1,8.313333333,
30/11/2021 02:53,TB207,8400,Rev C,3,2,1878.86,
30/11/2021 02:53,TB207,8400,Rev C,4,999,5.82,
30/11/2021 02:53,TB207,8400,Rev C,4,4,1888.32,
30/11/2021 03:33,TB207,6300,Rev C,4,999,4.126666667,
30/11/2021 03:33,TB207,6300,Rev C,4,4,1417.166667,
30/11/2021 03:33,TB207,6300,Rev C,3,1,4.606666667,
30/11/2021 03:33,TB207,6300,Rev C,3,2,1405.173333,
30/11/2021 04:18,TB207,13800,Rev A,4,1,16.77333333,
30/11/2021 04:18,TB207,13800,Rev A,4,1,3070.5,
30/11/2021 04:18,TB207,13800,Rev A,3,999,14.78,
30/11/2021 04:18,TB207,13800,Rev A,3,-1,3058.54,
30/11/2021 04:25,TB207,8400,Rev A,3,2,8.593333333,
30/11/2021 04:25,TB207,8400,Rev A,3,2,1878.373333,
30/11/2021 04:38,TB207,13800,Rev C,3,999,14.53333333,
30/11/2021 04:38,TB207,13800,Rev C,3,-1,3059.966667,
30/11/2021 04:44,TB207,13800,Rev C,4,999,13.18,
30/11/2021 04:44,TB207,13800,Rev C,4,1,3073.3,
30/11/2021 06:28,TB207,6300,Rev A,4,2,5.16,
30/11/2021 06:28,TB207,6300,Rev A,4,2,1408.193333,
30/11/2021 06:34,TB207,8400,Rev A,4,999,6.013333333,
30/11/2021 06:34,TB207,8400,Rev A,4,3,1880.18,
30/11/2021 06:40,TB207,6300,Rev C,4,999,3.426666667,
30/11/2021 06:40,TB207,6300,Rev C,4,4,1414.873333,
30/11/2021 06:45,TB207,8400,Rev C,4,999,6.793333333,
30/11/2021 06:45,TB207,8400,Rev C,4,2,1873.906667,
30/11/2021 06:52,TB207,13800,Rev A,4,999,15.16666667,
30/11/2021 06:52,TB207,13800,Rev A,4,1,3069.053333,
30/11/2021 07:21,TB207,8400,Rev A,4,999,6.313333333,
30/11/2021 07:21,TB207,8400,Rev A,4,1,1868.246667,
30/11/2021 07:28,TB207,6300,Rev C,4,2,5.246666667,
30/11/2021 07:28,TB207,6300,Rev C,4,1,1403.38,
30/11/2021 07:33,TB207,8400,Rev C,4,999,6.186666667,
30/11/2021 07:33,TB207,8400,Rev C,4,1,1868.046667,
30/11/2021 07:39,TB207,6300,Rev A,4,999,3.573333333,
30/11/2021 07:39,TB207,6300,Rev A,4,1,1402.54,
06/12/2021 18:38,TB207,13800,Rev A,3,999,14.42666667,
06/12/2021 18:38,TB207,13800,Rev A,3,-2,3049.28,
06/12/2021 18:39,TB207,13800,Rev A,4,999,15,
06/12/2021 18:39,TB207,13800,Rev A,4,-1,3066.04,
06/12/2021 18:40,TB207,13800,Rev C,3,999,14.78666667,
06/12/2021 18:40,TB207,13800,Rev C,3,-1,3059.706667,
06/12/2021 18:48,TB207,13800,Rev C,4,999,15.29333333,
06/12/2021 18:48,TB207,13800,Rev C,4,1,3067.52,
06/12/2021 18:54,TB207,6300,Rev A,4,2,5.206666667,
06/12/2021 18:54,TB207,6300,Rev A,4,1,1400.166667,
07/12/2021 09:36,TB207,8400,Rev A,3,999,5.42,
07/12/2021 09:36,TB207,8400,Rev A,3,1,1868.926667,
07/12/2021 09:36,TB207,8400,Rev A,4,999,5.16,
07/12/2021 09:36,TB207,8400,Rev A,4,-2,1856.913333,
07/12/2021 11:02,TB207,8400,Rev C,3,999,5.793333333,
07/12/2021 11:02,TB207,8400,Rev C,3,1,1869.84,
07/12/2021 11:02,TB207,8400,Rev C,4,1,7.633333333,
07/12/2021 11:02,TB207,8400,Rev C,4,-2,1859.793333,
11/12/2021 08:52,TB207,6300,Rev A,4,1,4.9,
11/12/2021 08:52,TB207,6300,Rev A,4,-1,1398.706667,
11/12/2021 09:05,TB207,6300,Rev A,3,999,4.3,
11/12/2021 09:05,TB207,6300,Rev A,3,-1,1399.26,
11/12/2021 09:12,TB207,13800,Rev A,3,1,15.38,
11/12/2021 09:12,TB207,13800,Rev A,3,-2,3056.233333,
11/12/2021 09:12,TB207,13800,Rev A,4,1,16.42666667,
11/12/2021 09:12,TB207,13800,Rev A,4,1,3071.346667,
14/12/2021 09:43,TB207,13800,Rev A,3,999,12.84,
14/12/2021 09:43,TB207,13800,Rev A,3,-2,3051.553333,
14/12/2021 09:57,TB207,13800,Rev A,4,999,13.92666667,
14/12/2021 09:57,TB207,13800,Rev A,4,-1,3066.493333,
14/12/2021 10:03,TB207,13800,Rev C,4,999,12.43333333,
14/12/2021 10:03,TB207,13800,Rev C,4,2,3079.293333,
14/12/2021 10:04,TB207,13800,Rev C,3,999,13.86666667,
14/12/2021 10:04,TB207,13800,Rev C,3,-1,3059.766667,
15/12/2021 09:22,TB207,6300,Rev A,4,1,4.9,
15/12/2021 09:22,TB207,6300,Rev A,4,-1,1397.1,
15/12/2021 09:23,TB207,6300,Rev A,3,2,5.3,
15/12/2021 09:23,TB207,6300,Rev A,3,-1,1397.54,
15/12/2021 10:03,TB207,6300,Rev C,4,3,5.94,
15/12/2021 10:03,TB207,6300,Rev C,4,1,1402.026667,
15/12/2021 10:04,TB207,6300,Rev C,3,2,5.233333333,
15/12/2021 10:04,TB207,6300,Rev C,3,1,1401.813333,
16/12/2021 13:27,TB207,6300,Rev A,3,2,5.2,
16/12/2021 13:27,TB207,6300,Rev A,3,1,1400.713333,
16/12/2021 13:31,TB207,6300,Rev A,4,999,4.013333333,
16/12/2021 13:31,TB207,6300,Rev A,4,-1,1398.146667,
19/12/2021 13:10,TB207,13800,Rev A,3,999,13.54,
19/12/2021 13:10,TB207,13800,Rev A,3,-3,3045.126667,
19/12/2021 14:29,TB207,13800,Rev A,3,1,15.73333333,
19/12/2021 14:29,TB207,13800,Rev A,3,-3,3040.153333,
19/12/2021 17:03,TB101,13800,Rev A,3,2,17.75333333,
19/12/2021 17:03,TB102,13800,Rev A,3,-1,3059.293333,
19/12/2021 17:03,TB103,13800,Rev C,3,3,20.43333333,
19/12/2021 17:03,TB104,13800,Rev C,3,-1,3063.973333,
21/12/2021 17:03,TB105,8400,Rev C,3,3,10.48,
21/12/2021 17:03,TB106,8400,Rev C,3,1,1867.873333,
21/12/2021 17:09,TB107,6300,Rev A,3,1,4.866666667,
21/12/2021 17:09,TB108,6300,Rev A,3,-1,1396.506667,
21/12/2021 17:22,TB109,6300,Rev C,4,2,5.373333333,
21/12/2021 17:22,TB110,6300,Rev C,4,1,1402.286667,
21/12/2021 17:28,TB111,8400,Rev A,3,4,12.52666667,
21/12/2021 17:28,TB112,8400,Rev A,3,1,1871.686667,
21/12/2021 17:32,TB113,8400,Rev A,4,999,6.453333333,
21/12/2021 17:32,TB114,8400,Rev A,4,-1,1860.353333,
21/12/2021 18:24,TB115,6300,Rev C,3,3,6.026666667,
21/12/2021 18:24,TB116,6300,Rev C,3,-3,1390.9,
21/12/2021 18:24,TB117,6300,Rev A,4,999,4.246666667,
21/12/2021 18:24,TB118,6300,Rev A,4,-1,1398.12,
21/12/2021 18:31,TB119,8400,Rev C,4,1,8.273333333,
21/12/2021 18:31,TB120,8400,Rev C,4,-2,1855.126667,
21/12/2021 18:35,TB121,8400,Rev A,3,4,11.56,
21/12/2021 18:35,TB122,8400,Rev A,3,-1,1864.046667,
21/12/2021 19:13,TB123,8400,Rev A,4,999,5.613333333,
21/12/2021 19:13,TB124,8400,Rev A,4,-3,1850.173333,
21/12/2021 20:02,TB125,8400,Rev A,3,2,9.186666667,
21/12/2021 20:02,TB126,8400,Rev A,3,1,1869.513333,
21/12/2021 20:28,TB127,6300,Rev C,3,3,6.146666667,
21/12/2021 20:28,TB128,6300,Rev C,3,-2,1395.44,
21/12/2021 20:34,TB129,8400,Rev A,3,2,8.486666667,
21/12/2021 20:34,TB130,8400,Rev A,3,1,1870.513333,
22/12/2021 09:30,TB131,13800,Rev A,4,999,13.56666667,
22/12/2021 09:30,TB132,13800,Rev A,4,-1,3064.353333,
22/12/2021 09:44,TB133,13800,Rev A,3,1,15.94666667,
22/12/2021 09:44,TB134,13800,Rev A,3,1,3072.36,
22/12/2021 10:18,TB135,13800,Rev C,3,999,14.82666667,
22/12/2021 10:18,TB136,13800,Rev C,3,1,3074.873333,
22/12/2021 10:18,TB137,13800,Rev C,4,999,14.26,
22/12/2021 10:18,TB138,13800,Rev C,4,1,3074.253333,
22/12/2021 11:35,TB139,8400,Rev A,3,1,7.54,
22/12/2021 11:35,TB140,8400,Rev A,3,2,1876.22,
22/12/2021 11:59,TB141,8400,Rev A,4,999,6.06,
22/12/2021 11:59,TB142,8400,Rev A,4,1,1868.5,
23/12/2021 04:59,TB143,13800,Rev A,4,1,15.42666667,
23/12/2021 04:59,TB144,13800,Rev A,4,-1,3063.486667,
23/12/2021 05:39,TB145,13800,Rev C,4,999,15.32,
23/12/2021 05:39,TB146,13800,Rev C,4,-1,3065.68,
23/12/2021 10:33,TB147,8400,Rev C,3,999,6.366666667,
23/12/2021 10:33,TB148,8400,Rev C,3,2,1876.873333,
23/12/2021 10:33,TB149,8400,Rev C,4,999,5.3,
23/12/2021 10:33,TB150,8400,Rev C,4,1,1867.54,
26/12/2021 12:19,TB151,13800,Rev A,3,999,13.6,
26/12/2021 12:19,TB152,13800,Rev A,3,-1,3065.7,
18/11/2021 09:43,TB153,4500,Rev A,4,1,5.106666667,
18/11/2021 09:43,TB154,4500,Rev A,4,1,1001.493333,
18/11/2021 10:22,TB155,4500,Rev A,3,999,4.273333333,
18/11/2021 10:22,TB156,4500,Rev A,3,-1,999.7533333,
19/11/2021 09:28,TB157,8400,Rev A,3,999,5.173333333,
19/11/2021 09:28,TB158,8400,Rev A,3,1,1870.066667,
19/11/2021 09:28,TB159,8400,Rev A,4,999,7.053333333,
19/11/2021 09:28,TB160,8400,Rev A,4,1,1867.386667,
23/11/2021 00:17,TB161,4500,Rev A,3,1,4.473333333,
23/11/2021 00:17,TB162,4500,Rev A,3,2,1002.313333,
23/11/2021 00:17,TB163,4500,Rev A,4,2,5.306666667,
23/11/2021 00:17,TB164,4500,Rev A,4,-1,999.3733333,
23/11/2021 01:42,TB165,6300,Rev A,3,999,3.58,
23/11/2021 01:42,TB166,6300,Rev A,3,-2,1394.073333,
23/11/2021 01:57,TB167,6300,Rev A,4,2,5.526666667,
23/11/2021 01:57,TB168,6300,Rev A,4,-2,1393.086667,
23/11/2021 02:03,TB169,8400,Rev A,3,999,7.053333333,
23/11/2021 02:03,TB170,8400,Rev A,3,-1,1860.7,
23/11/2021 02:04,TB171,8400,Rev A,4,999,5.346666667,
23/11/2021 02:04,TB172,8400,Rev A,4,-2,1857.66,
26/11/2021 09:38,TB173,4500,Rev A,3,999,4.286666667,
26/11/2021 09:38,TB174,4500,Rev A,3,1,1000.726667,
26/11/2021 09:53,TB175,4500,Rev A,4,999,4.133333333,
26/11/2021 09:53,TB176,4500,Rev A,4,-1,998.6466667,
26/11/2021 10:37,TB177,4500,Rev C,3,999,3.666666667,
26/11/2021 10:37,TB178,4500,Rev C,3,-1,999.4466667,
26/11/2021 10:37,TB179,4500,Rev C,4,1,4.793333333,
26/11/2021 10:37,TB180,4500,Rev C,4,-2,996.8533333,
27/11/2021 09:22,TB181,6300,Rev A,3,999,4.2,
27/11/2021 09:22,TB182,6300,Rev A,3,-4,1384.82,
27/11/2021 09:22,TB183,6300,Rev A,4,3,6.36,
27/11/2021 09:22,TB184,6300,Rev A,4,-2,1394.153333,
27/11/2021 09:44,TB185,6300,Rev A,3,999,3.68,
27/11/2021 09:44,TB186,6300,Rev A,3,-1,1396.406667,
27/11/2021 10:04,TB187,6300,Rev C,3,999,3.986666667,
27/11/2021 10:04,TB188,6300,Rev C,3,-4,1385.073333,
27/11/2021 10:05,TB189,6300,Rev C,4,3,6.353333333,
27/11/2021 10:05,TB190,6300,Rev C,4,-1,1399.406667,
27/11/2021 12:23,TB191,6300,Rev C,3,999,4.033333333,
27/11/2021 12:23,TB192,6300,Rev C,3,-1,1399.3,
27/11/2021 13:09,TB193,6300,Rev A,3,999,3.5,
27/11/2021 13:09,TB194,6300,Rev A,3,-2,1392.073333,
28/11/2021 16:32,TB195,6300,Rev A,4,1,4.36,
28/11/2021 16:32,TB196,6300,Rev A,4,-4,1385.6,
28/11/2021 16:33,TB197,6300,Rev C,4,2,5.406666667,
28/11/2021 16:33,TB198,6300,Rev C,4,-3,1388.733333,
28/11/2021 16:39,TB199,4500,Rev A,4,1,4.42,
28/11/2021 16:39,TB200,4500,Rev A,4,-1,999.9466667,
28/11/2021 16:47,TB201,8400,Rev A,4,999,6.06,
28/11/2021 16:47,TB202,8400,Rev A,4,-1,1860.18,
28/11/2021 16:47,TB203,8400,Rev C,4,999,6,
28/11/2021 16:47,TB204,8400,Rev C,4,-1,1861.226667,
28/11/2021 17:20,TB205,6300,Rev A,4,1,4.533333333,
28/11/2021 17:20,TB206,6300,Rev A,4,-4,1385.72,
28/11/2021 18:17,TB207,6300,Rev C,4,3,5.893333333,
28/11/2021 18:17,TB208,6300,Rev C,4,1,1403.453333,
28/11/2021 18:18,TB209,6300,Rev A,4,1,4.866666667,
28/11/2021 18:18,TB210,6300,Rev A,4,2,1408.106667,
28/11/2021 19:24,TB211,6300,Rev C,4,3,6.033333333,
28/11/2021 19:24,TB212,6300,Rev C,4,-1,1399.78,
28/11/2021 19:25,TB213,6300,Rev A,4,4,6.86,
28/11/2021 19:25,TB214,6300,Rev A,4,2,1407.726667,
28/11/2021 22:02,TB215,6300,Rev A,4,1,4.993333333,
28/11/2021 22:02,TB216,6300,Rev A,4,2,1407.966667,
28/11/2021 22:03,TB217,6300,Rev C,4,2,5.873333333,
28/11/2021 22:03,TB218,6300,Rev C,4,2,1407.306667,
28/11/2021 23:17,TB219,6300,Rev A,4,2,5.12,
28/11/2021 23:17,TB220,6300,Rev A,4,2,1407.033333,
28/11/2021 23:22,TB221,6300,Rev C,4,1,4.72,
28/11/2021 23:22,TB222,6300,Rev C,4,2,1407.12,
29/11/2021 00:14,TB223,6300,Rev A,4,1,4.926666667,
29/11/2021 00:14,TB224,6300,Rev A,4,-3,1388.413333,
29/11/2021 00:14,TB225,6300,Rev C,4,2,5.806666667,
29/11/2021 00:14,TB226,6300,Rev C,4,2,1406.826667,
29/11/2021 01:15,TB227,6300,Rev A,4,3,6.34,
29/11/2021 01:15,TB228,6300,Rev A,4,1,1403.173333,
29/11/2021 03:40,TB229,6300,Rev C,4,3,6.186666667,
29/11/2021 03:40,TB230,6300,Rev C,4,-1,1397.58,
29/11/2021 05:46,TB231,6300,Rev A,4,1,4.62,
29/11/2021 05:46,TB232,6300,Rev A,4,-3,1387.413333,
29/11/2021 05:52,TB233,8400,Rev A,4,999,5.9,
29/11/2021 05:52,TB234,8400,Rev A,4,-1,1863.953333,
29/11/2021 05:58,TB235,4500,Rev A,4,1,4.84,
29/11/2021 05:58,TB236,4500,Rev A,4,-2,996.3533333,
29/11/2021 06:06,TB237,6300,Rev C,4,1,4.593333333,
29/11/2021 06:06,TB238,6300,Rev C,4,1,1401.273333,
29/11/2021 06:11,TB239,8400,Rev C,4,999,4.846666667,
29/11/2021 06:11,TB240,8400,Rev C,4,1,1869.6,
29/11/2021 06:43,TB241,6300,Rev A,4,1,4.86,
29/11/2021 06:43,TB242,6300,Rev A,4,1,1401.706667,
01/12/2021 02:30,TB243,6300,Rev A,3,999,3.706666667,
01/12/2021 02:30,TB244,6300,Rev A,3,1,1402.886667,
01/12/2021 02:30,TB245,6300,Rev A,4,2,5.673333333,
01/12/2021 02:30,TB246,6300,Rev A,4,-2,1392.94,
01/12/2021 02:37,TB247,8400,Rev A,3,999,7.146666667,
01/12/2021 02:37,TB248,8400,Rev A,3,-3,1852.48,
01/12/2021 02:41,TB249,8400,Rev A,4,999,4.44,
01/12/2021 02:41,TB250,8400,Rev A,4,-1,1866.06,
01/12/2021 04:29,TB251,8400,Rev A,3,999,6.066666667,
01/12/2021 04:29,TB252,8400,Rev A,3,-1,1860.673333,
05/12/2021 13:37,TB253,8400,Rev A,4,999,5.866666667,
05/12/2021 13:37,TB254,8400,Rev A,4,-1,1864.36,
05/12/2021 13:38,TB255,8400,Rev C,3,999,6.12,
05/12/2021 13:38,TB256,8400,Rev C,3,2,1879.46,
05/12/2021 13:43,TB257,8400,Rev C,4,999,4.626666667,
05/12/2021 13:43,TB258,8400,Rev C,4,2,1878.793333,
05/12/2021 13:48,TB259,8400,Rev A,3,999,6.653333333,
05/12/2021 13:48,TB260,8400,Rev A,3,1,1867.286667,
05/12/2021 15:06,TB261,4500,Rev A,4,1,4.453333333,
05/12/2021 15:06,TB262,4500,Rev A,4,-1,999.3266667,
05/12/2021 15:07,TB263,4500,Rev A,3,999,3.78,
05/12/2021 15:07,TB264,4500,Rev A,3,-4,992.8533333,
05/12/2021 16:08,TB265,4500,Rev A,3,3,5.933333333,
05/12/2021 16:08,TB266,4500,Rev A,3,-3,993.96,
05/12/2021 16:42,TB267,4500,Rev A,3,1,4.993333333,
05/12/2021 16:42,TB268,4500,Rev A,3,-2,997.06,
05/12/2021 17:45,TB269,4500,Rev C,3,1,4.44,
05/12/2021 17:45,TB270,4500,Rev C,3,1,1001.126667,
05/12/2021 17:47,TB271,4500,Rev C,4,1,5.106666667,
05/12/2021 17:47,TB272,4500,Rev C,4,-1,999.6266667,
05/12/2021 17:51,TB273,4500,Rev A,3,999,4.106666667,
05/12/2021 17:51,TB274,4500,Rev A,3,-1,997.9333333,
06/12/2021 14:31,TB275,6300,Rev A,3,999,3.553333333,
06/12/2021 14:31,TB276,6300,Rev A,3,1,1402.893333,
06/12/2021 14:32,TB277,6300,Rev A,4,2,5.673333333,
06/12/2021 14:32,TB278,6300,Rev A,4,1,1400.706667,
12/12/2021 11:59,TB279,6300,Rev A,4,999,3.7,
12/12/2021 11:59,TB280,6300,Rev A,4,2,1406.193333,
12/12/2021 12:12,TB281,8400,Rev A,4,999,5.18,
12/12/2021 12:12,TB282,8400,Rev A,4,-1,1862.26,
12/12/2021 16:33,TB283,4500,Rev A,3,1,4.686666667,
12/12/2021 16:33,TB284,4500,Rev A,3,-1,999.0666667,
12/12/2021 16:33,TB285,4500,Rev C,3,2,5.54,
12/12/2021 16:33,TB286,4500,Rev C,3,1,1001.386667,
12/12/2021 16:36,TB287,4500,Rev A,4,1,4.666666667,
12/12/2021 16:36,TB288,4500,Rev A,4,-1,999.1733333,
12/12/2021 16:44,TB289,4500,Rev C,4,1,5.04,
12/12/2021 16:44,TB290,4500,Rev C,4,-1,998.5333333,
13/12/2021 18:36,TB291,6300,Rev C,3,999,4.233333333,
13/12/2021 18:36,TB292,6300,Rev C,3,-2,1395.093333,
13/12/2021 18:36,TB293,6300,Rev A,4,3,6,
13/12/2021 18:36,TB294,6300,Rev A,4,-3,1391.086667,
13/12/2021 18:39,TB295,6300,Rev A,3,1,4.686666667,
13/12/2021 18:39,TB296,6300,Rev A,3,-2,1393.046667,
13/12/2021 18:46,TB297,6300,Rev C,4,2,5.273333333,
13/12/2021 18:46,TB298,6300,Rev C,4,-2,1393.72,
13/12/2021 19:29,TB299,6300,Rev A,4,2,5.426666667,
13/12/2021 19:29,TB300,6300,Rev A,4,-2,1393.24,
18/12/2021 06:33,TB301,4500,Rev A,3,1,4.9,
18/12/2021 06:33,TB302,4500,Rev A,3,-3,995.06,
18/12/2021 07:47,TB303,4500,Rev A,3,1,4.853333333,
18/12/2021 07:47,TB304,4500,Rev A,3,-4,992.66,
18/12/2021 09:52,TB305,4500,Rev A,3,2,5.253333333,
18/12/2021 09:52,TB306,4500,Rev A,3,-1,999.46,
18/12/2021 09:52,TB307,4500,Rev C,3,3,5.893333333,
18/12/2021 09:52,TB308,4500,Rev C,3,1,1001.7,
20/12/2021 17:33,TB309,4500,Rev A,3,2,5.66,
20/12/2021 17:33,TB310,4500,Rev A,3,1,1001.893333,
20/12/2021 17:37,TB311,4500,Rev C,3,1,4.586666667,
20/12/2021 17:37,TB312,4500,Rev C,3,3,1006.113333,
20/12/2021 17:43,TB313,4500,Rev A,4,1,4.88,
20/12/2021 17:43,TB314,4500,Rev A,4,3,1004.973333,
20/12/2021 17:45,TB315,4500,Rev C,4,2,5.26,
20/12/2021 17:45,TB316,4500,Rev C,4,1,1000.413333,
20/12/2021 18:44,TB317,4500,Rev C,3,999,4.313333333,
20/12/2021 18:44,TB318,4500,Rev C,3,2,1003.873333,
20/12/2021 18:44,TB319,4500,Rev A,4,3,6.126666667,
20/12/2021 18:44,TB320,4500,Rev A,4,-2,996.7466667,
23/12/2021 10:54,TB321,6300,Rev A,3,1,4.34,
23/12/2021 10:54,TB322,6300,Rev A,3,1,1401.18,
23/12/2021 10:54,TB323,6300,Rev A,4,2,5.28,
23/12/2021 10:54,TB324,6300,Rev A,4,-1,1398.3,
23/12/2021 11:02,TB325,8400,Rev A,3,999,6.626666667,
23/12/2021 11:02,TB326,8400,Rev A,3,-1,1865.026667,
23/12/2021 11:19,TB327,8400,Rev A,4,999,6.66,
23/12/2021 11:19,TB328,8400,Rev A,4,-1,1865.866667,
23/12/2021 12:34,TB329,4500,Rev A,3,999,4.053333333,
23/12/2021 12:34,TB330,4500,Rev A,3,3,1004.473333,
23/12/2021 12:35,TB331,4500,Rev A,4,999,4.1,
23/12/2021 12:35,TB332,4500,Rev A,4,-2,996.0066667,
23/12/2021 23:27,TB333,4500,Rev A,4,2,5.28,
23/12/2021 23:27,TB334,4500,Rev A,4,-1,999.0933333,
24/12/2021 04:38,TB335,4500,Rev A,3,999,4.213333333,
24/12/2021 04:38,TB336,4500,Rev A,3,2,1004.24,
24/12/2021 05:38,TB337,4500,Rev A,4,1,5.086666667,
24/12/2021 05:38,TB338,4500,Rev A,4,-1,998.9933333,
24/12/2021 20:02,TB339,4500,Rev A,4,2,5.54,
24/12/2021 20:02,TB340,4500,Rev A,4,-4,991.28,
24/12/2021 21:03,TB341,4500,Rev A,4,2,5.826666667,
24/12/2021 21:03,TB342,4500,Rev A,4,-3,993.8533333,
24/12/2021 23:28,TB343,4500,Rev A,4,1,4.926666667,
24/12/2021 23:28,TB344,4500,Rev A,4,-3,995.1066667,
24/12/2021 23:28,TB345,4500,Rev C,4,2,5.553333333,
24/12/2021 23:28,TB346,4500,Rev C,4,-2,996.32,
25/12/2021 00:14,TB347,4500,Rev A,4,2,5.293333333,
25/12/2021 00:14,TB348,4500,Rev A,4,-2,995.6733333,
16/11/2021 21:46,TB349,4500,Rev A,3,999,3.766666667,
16/11/2021 21:46,TB350,4500,Rev A,3,-2,996.4533333,
20/11/2021 23:27,TB351,8400,Rev A,3,2,8.76,
20/11/2021 23:27,TB352,8400,Rev A,3,2,1879.913333,
20/11/2021 23:31,TB353,8400,Rev A,4,999,6.206666667,
20/11/2021 23:31,TB354,8400,Rev A,4,2,1876.62,
28/11/2021 21:25,TB355,6300,Rev A,3,2,5.193333333,
28/11/2021 21:25,TB356,6300,Rev A,3,-2,1392.033333,
28/11/2021 21:26,TB357,6300,Rev A,4,2,5.746666667,
28/11/2021 21:26,TB358,6300,Rev A,4,1,1400.226667,
28/11/2021 23:00,TB359,6300,Rev C,3,2,5.286666667,
28/11/2021 23:00,TB360,6300,Rev C,3,-2,1394.08,
28/11/2021 23:00,TB361,6300,Rev C,4,3,6.166666667,
28/11/2021 23:00,TB362,6300,Rev C,4,2,1404.793333,
06/12/2021 21:13,TB363,8400,Rev A,3,1,7.973333333,
06/12/2021 21:13,TB364,8400,Rev A,3,1,1871.393333,
07/12/2021 02:52,TB365,8400,Rev C,3,3,9.68,
07/12/2021 02:52,TB366,8400,Rev C,3,1,1868.806667,
07/12/2021 02:56,TB367,8400,Rev C,4,999,7.093333333,
07/12/2021 02:56,TB368,8400,Rev C,4,1,1871.76,
07/12/2021 03:02,TB369,8400,Rev A,4,999,6.546666667,
07/12/2021 03:02,TB370,8400,Rev A,4,2,1874.246667,
08/12/2021 05:58,TB371,6300,Rev A,4,1,5.053333333,
08/12/2021 05:58,TB372,6300,Rev A,4,-1,1396.886667,
08/12/2021 06:48,TB373,6300,Rev A,3,999,4.206666667,
08/12/2021 06:48,TB374,6300,Rev A,3,-2,1393.36,
13/12/2021 21:26,TB375,6300,Rev A,3,1,4.76,
13/12/2021 21:26,TB376,6300,Rev A,3,-1,1395.886667,
13/12/2021 21:29,TB377,6300,Rev A,4,1,4.82,
13/12/2021 21:29,TB378,6300,Rev A,4,-1,1399.58,
13/12/2021 21:36,TB379,8400,Rev A,3,3,9.766666667,
13/12/2021 21:36,TB380,8400,Rev A,3,1,1869.373333,
13/12/2021 21:41,TB381,8400,Rev A,4,1,7.433333333,
13/12/2021 21:41,TB382,8400,Rev A,4,2,1874.42,
14/12/2021 21:33,TB383,6300,Rev C,3,1,4.553333333,
14/12/2021 21:33,TB384,6300,Rev C,3,-1,1397.453333,
14/12/2021 21:37,TB385,6300,Rev C,4,1,4.953333333,
14/12/2021 21:37,TB386,6300,Rev C,4,1,1400.586667,
22/12/2021 01:48,TB387,5970,Rev A,3,3,6.06,
22/12/2021 01:48,TB388,5970,Rev A,3,-4,1305.346667,
22/12/2021 01:56,TB389,8400,Rev A,4,999,6.253333333,
22/12/2021 01:56,TB390,8400,Rev A,4,-1,1862.08,
22/12/2021 02:02,TB391,6300,Rev C,3,1,4.353333333,
22/12/2021 02:02,TB392,6300,Rev C,3,-3,1388.586667,
22/12/2021 02:02,TB393,6300,Rev A,4,1,4.706666667,
22/12/2021 02:02,TB394,6300,Rev A,4,-3,1389.38,
22/12/2021 02:07,TB395,6300,Rev C,4,999,4.28,
22/12/2021 02:07,TB396,6300,Rev C,4,-3,1389.9,
22/12/2021 02:13,TB397,8400,Rev C,3,3,10.04666667,
22/12/2021 02:13,TB398,8400,Rev C,3,-2,1859.353333,
22/12/2021 02:14,TB399,8400,Rev A,3,1,8.44,
22/12/2021 02:14,TB400,8400,Rev A,3,-1,1864.433333,
22/12/2021 02:21,TB401,5970,Rev A,4,4,7.073333333,
22/12/2021 02:21,TB402,5970,Rev A,4,-4,1305.3,
22/12/2021 02:29,TB403,6300,Rev A,3,2,5.126666667,
22/12/2021 02:29,TB404,6300,Rev A,3,-3,1388.713333,
22/12/2021 02:35,TB405,8400,Rev C,4,999,7,
22/12/2021 02:35,TB406,8400,Rev C,4,-1,1865.613333,
22/12/2021 03:02,TB407,5970,Rev A,3,3,6.126666667,
22/12/2021 03:02,TB408,5970,Rev A,3,-2,1316.133333,
22/12/2021 03:10,TB409,6300,Rev C,4,1,4.366666667,
22/12/2021 03:10,TB410,6300,Rev C,4,1,1401.713333,
22/12/2021 03:16,TB411,5970,Rev A,4,1,4.373333333,
22/12/2021 03:16,TB412,5970,Rev A,4,-2,1316.773333,
22/12/2021 03:23,TB413,6300,Rev C,3,2,5.113333333,
22/12/2021 03:23,TB414,6300,Rev C,3,-1,1398.953333,
22/12/2021 03:23,TB415,6300,Rev A,4,1,5.1,
22/12/2021 03:23,TB416,6300,Rev A,4,-1,1399.986667,
22/12/2021 04:04,TB417,6300,Rev A,3,1,4.486666667,
22/12/2021 04:04,TB418,6300,Rev A,3,-1,1399.686667,
22/12/2021 16:30,TB419,8400,Rev A,3,3,9.813333333,
22/12/2021 16:30,TB420,8400,Rev A,3,1,1868.373333,
22/12/2021 16:37,TB421,6300,Rev A,3,999,4.233333333,
22/12/2021 16:37,TB422,6300,Rev A,3,1,1402.16,
22/12/2021 21:04,TB423,8400,Rev A,4,999,6.753333333,
22/12/2021 21:04,TB424,8400,Rev A,4,1,1872.206667,
23/12/2021 18:03,TB425,6300,Rev A,4,4,7.753333333,
23/12/2021 18:03,TB426,6300,Rev A,4,2,1406.34,
23/12/2021 18:09,TB427,8400,Rev A,4,999,5.866666667,
23/12/2021 18:09,TB428,8400,Rev A,4,2,1878.493333,
23/12/2021 18:44,TB429,8400,Rev C,3,2,9.54,
23/12/2021 18:44,TB430,8400,Rev C,3,2,1877.486667,
23/12/2021 18:56,TB431,8400,Rev C,4,1,7.813333333,
23/12/2021 18:56,TB432,8400,Rev C,4,2,1877.14,
24/12/2021 02:24,TB433,6300,Rev A,4,1,4.48,
24/12/2021 02:24,TB434,6300,Rev A,4,1,1402.24,
24/12/2021 02:30,TB435,6300,Rev C,4,999,4.1,
24/12/2021 02:30,TB436,6300,Rev C,4,2,1405.933333,
24/12/2021 02:35,TB437,8400,Rev A,4,999,6.2,
24/12/2021 02:35,TB438,8400,Rev A,4,1,1870.5,
24/12/2021 02:36,TB439,8400,Rev C,4,999,5.446666667,
24/12/2021 02:36,TB440,8400,Rev C,4,2,1876.02,
16/11/2021 00:02,TB441,8400,Rev A,3,3,10.34666667,
16/11/2021 00:02,TB442,8400,Rev A,3,1,1869.66,
,,,,,,,
,,,,,,,
,,,,,,,
,,,,,,,
,,,,,,,
,,,,,,,
,,,,,,,
,,,,,,,
,,,,,,,
,,,,,,,
,,,,,,,
,,,,,,,
,,,,,,,
,,,,,,,
,,,,,,,
,,,,,,,
,,,,,,,
,,,,,,,
,,,,,,,
,,,,,,,
,,,,,,,
,,,,,,,
,,,,,,,
,,,,,,,
,,,,,,,
,,,,,,,
,,,,,,,
,,,,,,,
,,,,,,,
,,,,,,,
,,,,,,,
,,,,,,,
,,,,,,,
,,,,,,,
,,,,,,,
,,,,,,,
,,,,,,,
,,,,,,,
,,,,,,,
,,,,,,,
,,,,,,,
,,,,,,,
,,,,,,,
,,,,,,,
,,,,,,,
,,,,,,,
,,,,,,,
,,,,,,,
,,,,,,,
,,,,,,,
,,,,,,,
,,,,,,,
,,,,,,,
,,,,,,,
,,,,,,,
,,,,,,,
,,,,,,,
,,,,,,,
,,,,,,,
,,,,,,,
,,,,,,,
,,,,,,,
,,,,,,,
,,,,,,,
,,,,,,,
,,,,,,,
,,,,,,,
,,,,,,,
,,,,,,,
,,,,,,,
,,,,,,,
,,,,,,,
,,,,,,,
,,,,,,,
,,,,,,,
,,,,,,,
,,,,,,,
,,,,,,,
,,,,,,,
,,,,,,,
,,,,,,,
,,,,,,,
,,,,,,,
,,,,,,,
,,,,,,,
,,,,,,,
,,,,,,,
,,,,,,,
,,,,,,,
,,,,,,,
,,,,,,,
,,,,,,,
,,,,,,,
,,,,,,,
,,,,,,,
,,,,,,,
,,,,,,,
,,,,,,,
,,,,,,,
,,,,,,,
,,,,,,,
,,,,,,,
,,,,,,,
,,,,,,,
,,,,,,,
,,,,,,,
,,,,,,,
,,,,,,,
,,,,,,,
,,,,,,,
,,,,,,,
,,,,,,,
,,,,,,,
,,,,,,,
,,,,,,,
,,,,,,,
,,,,,,,
,,,,,,,
,,,,,,,
,,,,,,,
,,,,,,,
,,,,,,,
,,,,,,,
,,,,,,,
,,,,,,,
,,,,,,,
,,,,,,,
,,,,,,,
,,,,,,,
,,,,,,,
,,,,,,,
,,,,,,,
,,,,,,,
,,,,,,,
,,,,,,,
,,,,,,,
,,,,,,,
,,,,,,,
,,,,,,,
,,,,,,,
,,,,,,,
,,,,,,,
,,,,,,,
,,,,,,,
,,,,,,,
,,,,,,,
,,,,,,,
,,,,,,,
,,,,,,,
,,,,,,,
,,,,,,,
,,,,,,,
,,,,,,,
,,,,,,,
,,,,,,,
,,,,,,,
,,,,,,,
,,,,,,,
,,,,,,,
,,,,,,,
,,,,,,,
,,,,,,,
,,,,,,,
,,,,,,,
,,,,,,,
,,,,,,,
,,,,,,,
,,,,,,,
,,,,,,,
,,,,,,,
,,,,,,,
,,,,,,,
,,,,,,,
,,,,,,,
,,,,,,,
,,,,,,,
,,,,,,,
,,,,,,,
,,,,,,,
,,,,,,,
,,,,,,,
,,,,,,,
,,,,,,,
,,,,,,,
,,,,,,,
,,,,,,,
,,,,,,,
,,,,,,,
,,,,,,,
,,,,,,,
,,,,,,,
,,,,,,,
,,,,,,,
,,,,,,,
,,,,,,,
,,,,,,,
,,,,,,,
,,,,,,,
,,,,,,,
,,,,,,,
,,,,,,,
,,,,,,,
,,,,,,,
,,,,,,,
,,,,,,,
,,,,,,,
,,,,,,,
,,,,,,,
,,,,,,,
,,,,,,,
,,,,,,,
,,,,,,,
,,,,,,,
,,,,,,,
,,,,,,,
,,,,,,,
,,,,,,,
,,,,,,,
,,,,,,,
,,,,,,,
,,,,,,,
,,,,,,,
,,,,,,,
,,,,,,,
,,,,,,,
,,,,,,,
,,,,,,,
,,,,,,,
,,,,,,,
,,,,,,,
,,,,,,,
,,,,,,,
,,,,,,,
,,,,,,,
,,,,,,,
,,,,,,,
,,,,,,,
,,,,,,,
,,,,,,,
,,,,,,,
,,,,,,,
,,,,,,,
,,,,,,,
,,,,,,,
,,,,,,,
,,,,,,,
,,,,,,,
,,,,,,,
,,,,,,,
,,,,,,,
,,,,,,,
,,,,,,,
,,,,,,,
,,,,,,,
,,,,,,,
,,,,,,,
,,,,,,,
,,,,,,,
,,,,,,,
,,,,,,,
,,,,,,,
,,,,,,,
,,,,,,,
,,,,,,,
,,,,,,,
,,,,,,,
,,,,,,,
,,,,,,,
,,,,,,,
,,,,,,,
,,,,,,,
,,,,,,,
,,,,,,,
,,,,,,,
,,,,,,,
,,,,,,,
,,,,,,,
,,,,,,,
,,,,,,,
,,,,,,,
,,,,,,,
,,,,,,,
,,,,,,,
,,,,,,,
,,,,,,,
,,,,,,,
,,,,,,,
,,,,,,,
,,,,,,,
,,,,,,,
,,,,,,,
,,,,,,,
,,,,,,,
,,,,,,,
,,,,,,,
,,,,,,,
,,,,,,,
,,,,,,,
,,,,,,,
,,,,,,,
,,,,,,,
,,,,,,,
,,,,,,,
,,,,,,,
,,,,,,,
,,,,,,,
,,,,,,,
,,,,,,,
,,,,,,,
,,,,,,,
,,,,,,,
,,,,,,,
,,,,,,,
,,,,,,,
,,,,,,,
,,,,,,,
,,,,,,,
,,,,,,,
,,,,,,,
,,,,,,,
,,,,,,,
,,,,,,,
,,,,,,,
,,,,,,,
,,,,,,,
,,,,,,,
,,,,,,,
,,,,,,,
,,,,,,,
,,,,,,,
,,,,,,,
,,,,,,,
,,,,,,,
,,,,,,,
,,,,,,,
,,,,,,,
,,,,,,,
,,,,,,,
,,,,,,,
,,,,,,,
,,,,,,,
,,,,,,,
,,,,,,,
,,,,,,,
,,,,,,,
,,,,,,,
,,,,,,,
,,,,,,,
,,,,,,,
,,,,,,,
,,,,,,,
,,,,,,,
,,,,,,,
,,,,,,,
,,,,,,,
,,,,,,,
,,,,,,,
,,,,,,,
,,,,,,,
,,,,,,,
,,,,,,,
,,,,,,,
,,,,,,,
,,,,,,,
,,,,,,,
,,,,,,,
,,,,,,,
,,,,,,,
,,,,,,,
,,,,,,,
,,,,,,,
,,,,,,,
,,,,,,,
,,,,,,,
,,,,,,,
,,,,,,,
,,,,,,,
,,,,,,,
,,,,,,,
,,,,,,,
,,,,,,,
,,,,,,,
,,,,,,,
,,,,,,,
,,,,,,,
,,,,,,,
,,,,,,,
,,,,,,,
,,,,,,,
,,,,,,,
,,,,,,,
,,,,,,,
,,,,,,,
,,,,,,,
,,,,,,,
,,,,,,,
,,,,,,,
,,,,,,,
,,,,,,,
,,,,,,,
,,,,,,,
,,,,,,,
,,,,,,,
,,,,,,,
,,,,,,,
,,,,,,,
,,,,,,,
,,,,,,,
,,,,,,,
,,,,,,,
,,,,,,,
,,,,,,,
,,,,,,,
,,,,,,,
,,,,,,,
,,,,,,,
,,,,,,,
,,,,,,,
,,,,,,,
,,,,,,,
,,,,,,,
,,,,,,,
,,,,,,,
,,,,,,,
,,,,,,,
,,,,,,,
,,,,,,,
,,,,,,,
,,,,,,,
,,,,,,,
,,,,,,,
,,,,,,,
,,,,,,,
,,,,,,,
,,,,,,,
,,,,,,,
,,,,,,,
,,,,,,,
,,,,,,,
,,,,,,,
,,,,,,,
,,,,,,,
,,,,,,,
,,,,,,,
,,,,,,,
,,,,,,,
,,,,,,,
,,,,,,,
,,,,,,,
,,,,,,,
,,,,,,,
,,,,,,,
,,,,,,,
,,,,,,,
,,,,,,,
,,,,,,,
,,,,,,,
,,,,,,,
,,,,,,,
,,,,,,,
,,,,,,,
,,,,,,,
,,,,,,,
,,,,,,,
,,,,,,,
,,,,,,,
,,,,,,,
,,,,,,,
,,,,,,,
,,,,,,,
,,,,,,,
,,,,,,,
,,,,,,,
,,,,,,,
,,,,,,,
,,,,,,,
,,,,,,,
,,,,,,,
,,,,,,,
,,,,,,,
,,,,,,,
,,,,,,,
,,,,,,,
,,,,,,,
,,,,,,,
,,,,,,,
,,,,,,,
,,,,,,,
,,,,,,,
,,,,,,,
,,,,,,,
,,,,,,,
,,,,,,,
,,,,,,,
,,,,,,,
,,,,,,,
,,,,,,,
,,,,,,,
,,,,,,,
,,,,,,,
,,,,,,,
,,,,,,,
,,,,,,,
,,,,,,,
,,,,,,,
,,,,,,,
,,,,,,,
,,,,,,,
,,,,,,,
,,,,,,,
,,,,,,,
,,,,,,,
,,,,,,,
,,,,,,,
,,,,,,,
,,,,,,,
,,,,,,,
,,,,,,,
,,,,,,,
,,,,,,,
,,,,,,,
,,,,,,,
,,,,,,,
,,,,,,,
,,,,,,,
,,,,,,,
,,,,,,,
,,,,,,,
,,,,,,,
,,,,,,,
,,,,,,,
,,,,,,,
,,,,,,,
,,,,,,,
,,,,,,,
,,,,,,,
,,,,,,,
,,,,,,,
,,,,,,,
,,,,,,,
,,,,,,,
,,,,,,,
,,,,,,,
,,,,,,,
,,,,,,,
,,,,,,,
,,,,,,,
,,,,,,,
,,,,,,,
,,,,,,,
,,,,,,,
,,,,,,,
,,,,,,,
,,,,,,,
,,,,,,,
,,,,,,,
,,,,,,,
,,,,,,,
,,,,,,,
,,,,,,,
,,,,,,,
,,,,,,,
,,,,,,,
,,,,,,,
,,,,,,,
,,,,,,,
,,,,,,,
,,,,,,,
,,,,,,,
,,,,,,,
,,,,,,,
,,,,,,,
,,,,,,,
,,,,,,,
,,,,,,,
,,,,,,,
,,,,,,,
,,,,,,,
,,,,,,,
,,,,,,,
,,,,,,,
,,,,,,,
,,,,,,,
,,,,,,,
,,,,,,,
,,,,,,,
,,,,,,,
,,,,,,,
,,,,,,,
,,,,,,,
,,,,,,,
,,,,,,,
,,,,,,,
,,,,,,,
,,,,,,,
,,,,,,,
,,,,,,,
,,,,,,,
,,,,,,,
,,,,,,,
,,,,,,,
,,,,,,,
,,,,,,,
,,,,,,,
,,,,,,,
,,,,,,,
,,,,,,,
,,,,,,,
,,,,,,,
,,,,,,,
,,,,,,,
,,,,,,,
,,,,,,,
,,,,,,,
,,,,,,,
,,,,,,,
,,,,,,,
,,,,,,,
,,,,,,,
,,,,,,,
,,,,,,,
,,,,,,,
,,,,,,,
,,,,,,,
,,,,,,,
,,,,,,,
,,,,,,,
,,,,,,,
,,,,,,,
,,,,,,,
,,,,,,,
,,,,,,,
,,,,,,,
,,,,,,,
,,,,,,,
,,,,,,,
,,,,,,,
,,,,,,,
,,,,,,,
,,,,,,,
,,,,,,,
,,,,,,,
,,,,,,,
,,,,,,,
,,,,,,,
,,,,,,,
,,,,,,,
,,,,,,,
,,,,,,,
,,,,,,,
,,,,,,,
,,,,,,,
,,,,,,,
,,,,,,,
,,,,,,,
,,,,,,,
,,,,,,,
,,,,,,,
,,,,,,,
,,,,,,,
,,,,,,,
,,,,,,,
,,,,,,,
,,,,,,,
,,,,,,,
,,,,,,,
,,,,,,,
,,,,,,,
,,,,,,,
,,,,,,,
,,,,,,,
,,,,,,,
,,,,,,,
,,,,,,,
,,,,,,,
,,,,,,,
,,,,,,,
,,,,,,,
,,,,,,,
,,,,,,,
,,,,,,,
,,,,,,,
,,,,,,,
,,,,,,,
,,,,,,,
,,,,,,,
,,,,,,,
,,,,,,,
,,,,,,,
,,,,,,,
,,,,,,,
,,,,,,,
,,,,,,,
,,,,,,,
,,,,,,,
,,,,,,,
,,,,,,,
,,,,,,,
,,,,,,,
,,,,,,,
,,,,,,,
,,,,,,,
,,,,,,,
,,,,,,,
,,,,,,,
,,,,,,,
,,,,,,,
,,,,,,,
,,,,,,,
,,,,,,,
,,,,,,,
,,,,,,,
,,,,,,,
,,,,,,,
,,,,,,,
,,,,,,,
,,,,,,,
,,,,,,,
,,,,,,,
,,,,,,,
,,,,,,,
,,,,,,,
,,,,,,,
,,,,,,,
,,,,,,,
,,,,,,,
,,,,,,,
,,,,,,,
,,,,,,,
,,,,,,,
,,,,,,,
,,,,,,,
,,,,,,,
,,,,,,,
,,,,,,,
,,,,,,,
,,,,,,,
,,,,,,,
,,,,,,,
,,,,,,,
,,,,,,,
,,,,,,,
